<?xml version="1.0" encoding="UTF-8" ?>
<clientes>
<cliente>
<id>1</id>
<rfc>IIRW644423LI2</rfc>
<nombre>Darryl Morris</nombre>
<direccion>P.O. Box 188, 1023 Ullamcorper Road</direccion>
<telefono>a.felis.ullamcorper@outlook.edu</telefono>
<correo>1-314-442-</correo>
<fotografia></fotografia>
</cliente>
<cliente>
<id>2</id>
<rfc>DYYS137879YY4</rfc>
<nombre>Victoria Harding</nombre>
<direccion>P.O. Box 934, 4621 Iaculis Avenue</direccion>
<telefono>iaculis.aliquet@protonmail.com</telefono>
<correo>(742) 774-</correo>
<fotografia></fotografia>
</cliente>
<cliente>
<id>3</id>
<rfc>RTAC383337RK8</rfc>
<nombre>Ariana Summers</nombre>
<direccion>181-2435 Scelerisque Av.</direccion>
<telefono>odio.sagittis.semper@icloud.net</telefono>
<correo>1-197-232-</correo>
<fotografia></fotografia>
</cliente>
<cliente>
<id>4</id>
<rfc>SLUF571227YS6</rfc>
<nombre>Maggie Sims</nombre>
<direccion>P.O. Box 623, 4449 Varius. Avenue</direccion>
<telefono>risus.at@aol.edu</telefono>
<correo>(819) 566-</correo>
<fotografia></fotografia>
</cliente>
<cliente>
<id>5</id>
<rfc>GYKS722517BO5</rfc>
<nombre>Hanna Pierce</nombre>
<direccion>915-691 Sapien, St.</direccion>
<telefono>nec.ante@protonmail.net</telefono>
<correo>1-866-118-</correo>
<fotografia></fotografia>
</cliente>
<cliente>
<id>6</id>
<rfc>TGUC115215UO0</rfc>
<nombre>Willa Shields</nombre>
<direccion>892-5401 Metus. Avenue</direccion>
<telefono>nam.porttitor.scelerisque@outlook.edu</telefono>
<correo>(275) 815-</correo>
<fotografia></fotografia>
</cliente>
<cliente>
<id>7</id>
<rfc>WXJT817179WH7</rfc>
<nombre>Eugenia Montgomery</nombre>
<direccion>834-8623 Varius. St.</direccion>
<telefono>vitae.aliquet@outlook.couk</telefono>
<correo>1-922-740-</correo>
<fotografia></fotografia>
</cliente>
<cliente>
<id>8</id>
<rfc>SNPR577687QW3</rfc>
<nombre>Colt Burke</nombre>
<direccion>Ap #618-9894 Sem Rd.</direccion>
<telefono>gravida.nunc@google.edu</telefono>
<correo>(674) 373-</correo>
<fotografia></fotografia>
</cliente>
<cliente>
<id>9</id>
<rfc>WSEX459574EG9</rfc>
<nombre>Troy Randolph</nombre>
<direccion>771-1957 Nec Ave</direccion>
<telefono>faucibus@icloud.org</telefono>
<correo>(693) 725-</correo>
<fotografia></fotografia>
</cliente>
<cliente>
<id>10</id>
<rfc>KWCF742021XD6</rfc>
<nombre>Iliana Brady</nombre>
<direccion>527-5149 Cras Av.</direccion>
<telefono>orci.tincidunt@icloud.couk</telefono>
<correo>1-222-568-</correo>
<fotografia></fotografia>
</cliente>
<cliente>
<id>11</id>
<rfc>CSXS576846NE2</rfc>
<nombre>Selma Case</nombre>
<direccion>5787 Adipiscing Ave</direccion>
<telefono>sed.sem@outlook.com</telefono>
<correo>(624) 654-</correo>
<fotografia></fotografia>
</cliente>
<cliente>
<id>12</id>
<rfc>GWQC361957WP4</rfc>
<nombre>Nora Hahn</nombre>
<direccion>991 Nec, St.</direccion>
<telefono>erat.eget.tincidunt@aol.org</telefono>
<correo>(778) 782-</correo>
<fotografia></fotografia>
</cliente>
<cliente>
<id>13</id>
<rfc>PTSR943223FB1</rfc>
<nombre>Geoffrey Holman</nombre>
<direccion>Ap #440-580 Accumsan St.</direccion>
<telefono>tortor.nibh@aol.edu</telefono>
<correo>(687) 552-</correo>
<fotografia></fotografia>
</cliente>
<cliente>
<id>14</id>
<rfc>JKKE292326AO4</rfc>
<nombre>Karleigh Morris</nombre>
<direccion>4779 Dolor. Street</direccion>
<telefono>scelerisque.neque@google.edu</telefono>
<correo>1-593-652-</correo>
<fotografia></fotografia>
</cliente>
<cliente>
<id>15</id>
<rfc>QRWK782372YU2</rfc>
<nombre>Garrison Owens</nombre>
<direccion>P.O. Box 361, 8819 Integer Av.</direccion>
<telefono>mauris.ut@yahoo.ca</telefono>
<correo>(441) 179-</correo>
<fotografia></fotografia>
</cliente>
<cliente>
<id>16</id>
<rfc>NBCE603332UN6</rfc>
<nombre>Conan Walter</nombre>
<direccion>768-8754 Vitae Ave</direccion>
<telefono>donec.nibh.enim@outlook.net</telefono>
<correo>(707) 396-</correo>
<fotografia></fotografia>
</cliente>
<cliente>
<id>17</id>
<rfc>BVFD711297GX7</rfc>
<nombre>Cherokee Benjamin</nombre>
<direccion>Ap #545-1318 Hendrerit Ave</direccion>
<telefono>urna.convallis@outlook.org</telefono>
<correo>(755) 783-</correo>
<fotografia></fotografia>
</cliente>
<cliente>
<id>18</id>
<rfc>AKTW146065YB2</rfc>
<nombre>Felicia Swanson</nombre>
<direccion>Ap #510-1598 Et St.</direccion>
<telefono>sem.ut.cursus@google.couk</telefono>
<correo>(258) 342-</correo>
<fotografia></fotografia>
</cliente>
<cliente>
<id>19</id>
<rfc>HKOC490153RD7</rfc>
<nombre>Laith Steele</nombre>
<direccion>P.O. Box 881, 2661 Quisque St.</direccion>
<telefono>dictum@icloud.org</telefono>
<correo>(662) 635-</correo>
<fotografia></fotografia>
</cliente>
<cliente>
<id>20</id>
<rfc>XKWL313044XE5</rfc>
<nombre>Owen Glass</nombre>
<direccion>518-9132 Laoreet Ave</direccion>
<telefono>sit.amet@aol.ca</telefono>
<correo>(639) 344-</correo>
<fotografia></fotografia>
</cliente>
<cliente>
<id>21</id>
<rfc>UWHW341578UH1</rfc>
<nombre>Lawrence Miles</nombre>
<direccion>P.O. Box 154, 9015 Phasellus St.</direccion>
<telefono>donec.nibh@protonmail.ca</telefono>
<correo>(611) 696-</correo>
<fotografia></fotografia>
</cliente>
<cliente>
<id>22</id>
<rfc>NBNW618121YZ1</rfc>
<nombre>Dennis Bowers</nombre>
<direccion>Ap #869-2253 Aliquet Avenue</direccion>
<telefono>proin.nisl@google.ca</telefono>
<correo>1-411-582-</correo>
<fotografia></fotografia>
</cliente>
<cliente>
<id>23</id>
<rfc>BBIV921224ER7</rfc>
<nombre>Karyn Dodson</nombre>
<direccion>306-9841 Non, St.</direccion>
<telefono>lorem@outlook.couk</telefono>
<correo>1-636-485-</correo>
<fotografia></fotografia>
</cliente>
<cliente>
<id>24</id>
<rfc>LGBL770027WF4</rfc>
<nombre>Arden O'connor</nombre>
<direccion>P.O. Box 480, 4048 Amet, Rd.</direccion>
<telefono>tempus.risus@protonmail.couk</telefono>
<correo>(431) 313-</correo>
<fotografia></fotografia>
</cliente>
<cliente>
<id>25</id>
<rfc>IMYD372199KU9</rfc>
<nombre>Cade Pace</nombre>
<direccion>Ap #875-4188 Enim. Street</direccion>
<telefono>sociis@protonmail.com</telefono>
<correo>1-547-552-</correo>
<fotografia></fotografia>
</cliente>
<cliente>
<id>26</id>
<rfc>VHER601564KM4</rfc>
<nombre>Alyssa Bowen</nombre>
<direccion>592-8207 Mauris St.</direccion>
<telefono>libero.mauris@protonmail.edu</telefono>
<correo>(508) 211-</correo>
<fotografia></fotografia>
</cliente>
<cliente>
<id>27</id>
<rfc>BXJV823156GE0</rfc>
<nombre>Alec Burt</nombre>
<direccion>Ap #556-9257 Fusce Rd.</direccion>
<telefono>metus.eu@yahoo.net</telefono>
<correo>1-712-604-</correo>
<fotografia></fotografia>
</cliente>
<cliente>
<id>28</id>
<rfc>HSBJ765836XY5</rfc>
<nombre>Leandra Peters</nombre>
<direccion>Ap #366-3501 Nulla Road</direccion>
<telefono>tristique.neque.venenatis@hotmail.org</telefono>
<correo>1-948-728-</correo>
<fotografia></fotografia>
</cliente>
<cliente>
<id>29</id>
<rfc>OLJI821770EP6</rfc>
<nombre>Quynn Santiago</nombre>
<direccion>Ap #502-8309 Phasellus Ave</direccion>
<telefono>amet.massa.quisque@google.ca</telefono>
<correo>1-895-622-</correo>
<fotografia></fotografia>
</cliente>
<cliente>
<id>30</id>
<rfc>LRSI678816PJ0</rfc>
<nombre>Adele Jones</nombre>
<direccion>257-8293 Mi Av.</direccion>
<telefono>dolor.donec@protonmail.com</telefono>
<correo>(217) 669-</correo>
<fotografia></fotografia>
</cliente>
<cliente>
<id>31</id>
<rfc>IJYH086029XM7</rfc>
<nombre>Jolie Bryan</nombre>
<direccion>6225 Dis St.</direccion>
<telefono>risus@outlook.edu</telefono>
<correo>(758) 318-</correo>
<fotografia></fotografia>
</cliente>
<cliente>
<id>32</id>
<rfc>MWJO670663RE8</rfc>
<nombre>Stacey Carr</nombre>
<direccion>Ap #388-893 Ac Street</direccion>
<telefono>fames@icloud.ca</telefono>
<correo>(723) 368-</correo>
<fotografia></fotografia>
</cliente>
<cliente>
<id>33</id>
<rfc>QGEG591376HH5</rfc>
<nombre>Amanda Talley</nombre>
<direccion>Ap #482-5022 Nibh. St.</direccion>
<telefono>magna.a.tortor@outlook.org</telefono>
<correo>1-134-733-</correo>
<fotografia></fotografia>
</cliente>
<cliente>
<id>34</id>
<rfc>OTVN663544WJ2</rfc>
<nombre>Neil Valenzuela</nombre>
<direccion>Ap #247-7067 Lorem, St.</direccion>
<telefono>in.lobortis.tellus@aol.ca</telefono>
<correo>(406) 466-</correo>
<fotografia></fotografia>
</cliente>
<cliente>
<id>35</id>
<rfc>ATSG268349ZO6</rfc>
<nombre>Robert Norris</nombre>
<direccion>123-6783 Phasellus Street</direccion>
<telefono>id.ante@google.couk</telefono>
<correo>(519) 413-</correo>
<fotografia></fotografia>
</cliente>
<cliente>
<id>36</id>
<rfc>LUEW766228RH5</rfc>
<nombre>Eaton Nolan</nombre>
<direccion>Ap #348-924 Libero Rd.</direccion>
<telefono>elit.aliquam.auctor@aol.net</telefono>
<correo>(270) 326-</correo>
<fotografia></fotografia>
</cliente>
<cliente>
<id>37</id>
<rfc>RKPT558454FF0</rfc>
<nombre>Guy Griffith</nombre>
<direccion>Ap #385-945 Ultrices Rd.</direccion>
<telefono>natoque.penatibus@protonmail.com</telefono>
<correo>1-228-812-</correo>
<fotografia></fotografia>
</cliente>
<cliente>
<id>38</id>
<rfc>OLEH362601IO4</rfc>
<nombre>Nadine Hyde</nombre>
<direccion>Ap #339-1590 A Rd.</direccion>
<telefono>taciti.sociosqu.ad@yahoo.net</telefono>
<correo>1-649-870-</correo>
<fotografia></fotografia>
</cliente>
<cliente>
<id>39</id>
<rfc>FPQB541882KB2</rfc>
<nombre>Fiona Cameron</nombre>
<direccion>8484 Non, St.</direccion>
<telefono>ut.pellentesque@outlook.org</telefono>
<correo>(835) 767-</correo>
<fotografia></fotografia>
</cliente>
<cliente>
<id>40</id>
<rfc>QWYU244310JB9</rfc>
<nombre>Priscilla Sutton</nombre>
<direccion>Ap #388-8430 Quam Rd.</direccion>
<telefono>mauris.suspendisse.aliquet@google.edu</telefono>
<correo>1-514-364-</correo>
<fotografia></fotografia>
</cliente>
<cliente>
<id>41</id>
<rfc>ZVCK761611TL5</rfc>
<nombre>Yardley Parsons</nombre>
<direccion>Ap #198-7347 Odio. Street</direccion>
<telefono>in.lorem.donec@outlook.com</telefono>
<correo>(351) 201-</correo>
<fotografia></fotografia>
</cliente>
<cliente>
<id>42</id>
<rfc>CXCB112163FB4</rfc>
<nombre>Jakeem Bartlett</nombre>
<direccion>Ap #107-5370 Consequat Rd.</direccion>
<telefono>dignissim.tempor@protonmail.com</telefono>
<correo>(515) 555-</correo>
<fotografia></fotografia>
</cliente>
<cliente>
<id>43</id>
<rfc>LBKK382336UH1</rfc>
<nombre>Whoopi Willis</nombre>
<direccion>2371 Est Street</direccion>
<telefono>massa@google.ca</telefono>
<correo>(136) 713-</correo>
<fotografia></fotografia>
</cliente>
<cliente>
<id>44</id>
<rfc>VPMM544375KO8</rfc>
<nombre>Xander Hardin</nombre>
<direccion>2427 Felis Ave</direccion>
<telefono>arcu@google.ca</telefono>
<correo>(510) 604-</correo>
<fotografia></fotografia>
</cliente>
<cliente>
<id>45</id>
<rfc>HSYG479996MI3</rfc>
<nombre>Fiona Brown</nombre>
<direccion>P.O. Box 692, 3881 Enim. St.</direccion>
<telefono>nunc.lectus.pede@google.net</telefono>
<correo>(717) 535-</correo>
<fotografia></fotografia>
</cliente>
<cliente>
<id>46</id>
<rfc>UDJG311908OK1</rfc>
<nombre>Tatiana Pena</nombre>
<direccion>Ap #833-6944 Aliquam Street</direccion>
<telefono>laoreet@aol.org</telefono>
<correo>1-607-574-</correo>
<fotografia></fotografia>
</cliente>
<cliente>
<id>47</id>
<rfc>KIPQ559652KH5</rfc>
<nombre>Kane Martinez</nombre>
<direccion>Ap #947-4632 Erat Rd.</direccion>
<telefono>tellus.nunc@hotmail.org</telefono>
<correo>(734) 485-</correo>
<fotografia></fotografia>
</cliente>
<cliente>
<id>48</id>
<rfc>CBCL385717VK9</rfc>
<nombre>Herrod Emerson</nombre>
<direccion>Ap #736-123 Id, Avenue</direccion>
<telefono>commodo@aol.edu</telefono>
<correo>1-261-241-</correo>
<fotografia></fotografia>
</cliente>
<cliente>
<id>49</id>
<rfc>VJOG593253XQ7</rfc>
<nombre>Amanda Watson</nombre>
<direccion>929-7797 Montes, Ave</direccion>
<telefono>vitae.dolor.donec@hotmail.net</telefono>
<correo>1-352-507-</correo>
<fotografia></fotografia>
</cliente>
<cliente>
<id>50</id>
<rfc>XNRJ227291PD5</rfc>
<nombre>Jackson Singleton</nombre>
<direccion>Ap #923-3355 Natoque St.</direccion>
<telefono>hendrerit.id.ante@yahoo.net</telefono>
<correo>1-644-867-</correo>
<fotografia></fotografia>
</cliente>
<cliente>
<id>51</id>
<rfc>RYVS236536QO3</rfc>
<nombre>Astra Davenport</nombre>
<direccion>P.O. Box 861, 8047 Nullam Av.</direccion>
<telefono>quisque.imperdiet.erat@hotmail.couk</telefono>
<correo>1-192-427-</correo>
<fotografia></fotografia>
</cliente>
<cliente>
<id>52</id>
<rfc>VLHV717464CB0</rfc>
<nombre>Roth Cox</nombre>
<direccion>249-8707 Cursus. St.</direccion>
<telefono>euismod.et.commodo@google.couk</telefono>
<correo>1-665-571-</correo>
<fotografia></fotografia>
</cliente>
<cliente>
<id>53</id>
<rfc>TEAD325776UP6</rfc>
<nombre>May Harvey</nombre>
<direccion>Ap #935-3393 Vel Road</direccion>
<telefono>adipiscing.lobortis.risus@aol.net</telefono>
<correo>1-825-178-</correo>
<fotografia></fotografia>
</cliente>
<cliente>
<id>54</id>
<rfc>FVNT737464IW4</rfc>
<nombre>Jennifer Tanner</nombre>
<direccion>5100 A Rd.</direccion>
<telefono>dictum@aol.com</telefono>
<correo>(922) 912-</correo>
<fotografia></fotografia>
</cliente>
<cliente>
<id>55</id>
<rfc>KOOB942394JO4</rfc>
<nombre>Abraham Ortiz</nombre>
<direccion>Ap #638-9548 Orci Rd.</direccion>
<telefono>eros.proin@google.ca</telefono>
<correo>1-938-426-</correo>
<fotografia></fotografia>
</cliente>
<cliente>
<id>56</id>
<rfc>ZNQC551136VG0</rfc>
<nombre>Olympia Wright</nombre>
<direccion>Ap #642-8713 Rhoncus. St.</direccion>
<telefono>metus.facilisis.lorem@protonmail.ca</telefono>
<correo>(137) 584-</correo>
<fotografia></fotografia>
</cliente>
<cliente>
<id>57</id>
<rfc>JSEH026407TJ2</rfc>
<nombre>Jacob Manning</nombre>
<direccion>3079 Rutrum Rd.</direccion>
<telefono>hendrerit.consectetuer@protonmail.org</telefono>
<correo>(755) 769-</correo>
<fotografia></fotografia>
</cliente>
<cliente>
<id>58</id>
<rfc>YYEY928684EO5</rfc>
<nombre>Nigel Barry</nombre>
<direccion>Ap #839-5074 Id, Ave</direccion>
<telefono>eget.tincidunt.dui@google.ca</telefono>
<correo>1-583-718-</correo>
<fotografia></fotografia>
</cliente>
<cliente>
<id>59</id>
<rfc>RWXP688542KI9</rfc>
<nombre>Jena Rocha</nombre>
<direccion>5269 Ligula Street</direccion>
<telefono>suspendisse.sagittis.nullam@hotmail.couk</telefono>
<correo>1-532-331-</correo>
<fotografia></fotografia>
</cliente>
<cliente>
<id>60</id>
<rfc>PHVD376544AN1</rfc>
<nombre>Myra Ball</nombre>
<direccion>P.O. Box 489, 3169 Integer Avenue</direccion>
<telefono>adipiscing.elit.aliquam@protonmail.couk</telefono>
<correo>(880) 183-</correo>
<fotografia></fotografia>
</cliente>
<cliente>
<id>61</id>
<rfc>OECW559164RI2</rfc>
<nombre>Keith Vasquez</nombre>
<direccion>P.O. Box 640, 2541 Lacus. Avenue</direccion>
<telefono>urna.nec@google.couk</telefono>
<correo>1-825-151-</correo>
<fotografia></fotografia>
</cliente>
<cliente>
<id>62</id>
<rfc>PGLV381325YM2</rfc>
<nombre>Dorothy Craft</nombre>
<direccion>Ap #336-787 Penatibus Road</direccion>
<telefono>praesent.luctus@aol.org</telefono>
<correo>(545) 435-</correo>
<fotografia></fotografia>
</cliente>
<cliente>
<id>63</id>
<rfc>KMWW134013NA4</rfc>
<nombre>Quinn Rojas</nombre>
<direccion>6683 Iaculis Street</direccion>
<telefono>gravida.molestie@outlook.org</telefono>
<correo>(749) 490-</correo>
<fotografia></fotografia>
</cliente>
<cliente>
<id>64</id>
<rfc>MFPB281344XT6</rfc>
<nombre>Jeremy Spears</nombre>
<direccion>Ap #625-4489 Tellus Rd.</direccion>
<telefono>rutrum.eu@aol.edu</telefono>
<correo>(983) 855-</correo>
<fotografia></fotografia>
</cliente>
<cliente>
<id>65</id>
<rfc>WNEI325882HY8</rfc>
<nombre>Seth House</nombre>
<direccion>4939 Enim. Ave</direccion>
<telefono>donec.feugiat@protonmail.net</telefono>
<correo>1-972-723-</correo>
<fotografia></fotografia>
</cliente>
<cliente>
<id>66</id>
<rfc>JURE388735YX2</rfc>
<nombre>Libby Guzman</nombre>
<direccion>3330 Facilisis, St.</direccion>
<telefono>id.ante@icloud.couk</telefono>
<correo>(743) 379-</correo>
<fotografia></fotografia>
</cliente>
<cliente>
<id>67</id>
<rfc>TPRV675588LJ1</rfc>
<nombre>Liberty Clayton</nombre>
<direccion>Ap #796-8327 A Rd.</direccion>
<telefono>luctus@google.edu</telefono>
<correo>(436) 547-</correo>
<fotografia></fotografia>
</cliente>
<cliente>
<id>68</id>
<rfc>KBMG425033IB2</rfc>
<nombre>Mariko Pratt</nombre>
<direccion>2501 Nibh. Av.</direccion>
<telefono>lacus@google.com</telefono>
<correo>1-932-149-</correo>
<fotografia></fotografia>
</cliente>
<cliente>
<id>69</id>
<rfc>QWXL643869CN8</rfc>
<nombre>Halee Nguyen</nombre>
<direccion>621-3945 Urna. Rd.</direccion>
<telefono>donec.sollicitudin.adipiscing@protonmail.couk</telefono>
<correo>(318) 250-</correo>
<fotografia></fotografia>
</cliente>
<cliente>
<id>70</id>
<rfc>IQIQ687734RL7</rfc>
<nombre>Justina Vance</nombre>
<direccion>P.O. Box 663, 1093 Integer Rd.</direccion>
<telefono>velit@outlook.couk</telefono>
<correo>1-172-239-</correo>
<fotografia></fotografia>
</cliente>
<cliente>
<id>71</id>
<rfc>YHKM226585TT4</rfc>
<nombre>Candace Lang</nombre>
<direccion>P.O. Box 566, 6954 Ornare Av.</direccion>
<telefono>elementum.sem@outlook.edu</telefono>
<correo>(859) 557-</correo>
<fotografia></fotografia>
</cliente>
<cliente>
<id>72</id>
<rfc>LBDQ387329VL4</rfc>
<nombre>Christine Mckee</nombre>
<direccion>4892 Pede Avenue</direccion>
<telefono>nisi@outlook.org</telefono>
<correo>(989) 201-</correo>
<fotografia></fotografia>
</cliente>
<cliente>
<id>73</id>
<rfc>UJWD689628RA8</rfc>
<nombre>Ralph Navarro</nombre>
<direccion>931-2510 Lorem Ave</direccion>
<telefono>magna.cras.convallis@yahoo.ca</telefono>
<correo>(856) 703-</correo>
<fotografia></fotografia>
</cliente>
<cliente>
<id>74</id>
<rfc>MHSW232448KJ0</rfc>
<nombre>Hilel Burris</nombre>
<direccion>Ap #619-3222 Ante Rd.</direccion>
<telefono>tellus.sem@icloud.org</telefono>
<correo>(621) 547-</correo>
<fotografia></fotografia>
</cliente>
<cliente>
<id>75</id>
<rfc>MSSN128789WB3</rfc>
<nombre>Ruth Raymond</nombre>
<direccion>5290 Turpis. St.</direccion>
<telefono>mattis.integer.eu@google.couk</telefono>
<correo>(862) 555-</correo>
<fotografia></fotografia>
</cliente>
<cliente>
<id>76</id>
<rfc>JPCO687168JV2</rfc>
<nombre>Hilel Clay</nombre>
<direccion>Ap #493-1672 Ut Rd.</direccion>
<telefono>tortor.integer@yahoo.ca</telefono>
<correo>1-223-722-</correo>
<fotografia></fotografia>
</cliente>
<cliente>
<id>77</id>
<rfc>YDLT669521BR7</rfc>
<nombre>Ignatius William</nombre>
<direccion>Ap #769-8671 Lacus. Rd.</direccion>
<telefono>enim.sed.nulla@icloud.ca</telefono>
<correo>1-493-246-</correo>
<fotografia></fotografia>
</cliente>
<cliente>
<id>78</id>
<rfc>GXBL855051KH6</rfc>
<nombre>Kylan Lowery</nombre>
<direccion>310-8675 Luctus St.</direccion>
<telefono>libero.est@aol.net</telefono>
<correo>1-770-712-</correo>
<fotografia></fotografia>
</cliente>
<cliente>
<id>79</id>
<rfc>KATV671570FN3</rfc>
<nombre>Brody Booth</nombre>
<direccion>317-5552 Massa Ave</direccion>
<telefono>convallis@google.org</telefono>
<correo>1-298-452-</correo>
<fotografia></fotografia>
</cliente>
<cliente>
<id>80</id>
<rfc>WQQN946983EM4</rfc>
<nombre>Cameron Stephens</nombre>
<direccion>Ap #793-2873 Lorem Avenue</direccion>
<telefono>fusce@protonmail.net</telefono>
<correo>(237) 488-</correo>
<fotografia></fotografia>
</cliente>
<cliente>
<id>81</id>
<rfc>TQPE652886WJ9</rfc>
<nombre>Fiona West</nombre>
<direccion>Ap #754-4911 Amet Ave</direccion>
<telefono>in.ornare@hotmail.net</telefono>
<correo>1-349-978-</correo>
<fotografia></fotografia>
</cliente>
<cliente>
<id>82</id>
<rfc>QSLW265832KR2</rfc>
<nombre>Minerva Mitchell</nombre>
<direccion>377-1235 Non, St.</direccion>
<telefono>nulla.eget.metus@google.net</telefono>
<correo>(640) 156-</correo>
<fotografia></fotografia>
</cliente>
<cliente>
<id>83</id>
<rfc>XUTV923660VM3</rfc>
<nombre>Rhea Butler</nombre>
<direccion>P.O. Box 899, 4309 Laoreet St.</direccion>
<telefono>luctus.ipsum@yahoo.net</telefono>
<correo>1-771-181-</correo>
<fotografia></fotografia>
</cliente>
<cliente>
<id>84</id>
<rfc>SBMQ271533ME7</rfc>
<nombre>Ivana Ray</nombre>
<direccion>5912 Sed Av.</direccion>
<telefono>nunc@aol.edu</telefono>
<correo>1-503-676-</correo>
<fotografia></fotografia>
</cliente>
<cliente>
<id>85</id>
<rfc>HZJJ087512AU8</rfc>
<nombre>Abel Frazier</nombre>
<direccion>507-2567 Mauris Avenue</direccion>
<telefono>risus@hotmail.net</telefono>
<correo>(241) 497-</correo>
<fotografia></fotografia>
</cliente>
<cliente>
<id>86</id>
<rfc>FPRF938376DQ6</rfc>
<nombre>Chaney Sharp</nombre>
<direccion>431-7195 Pellentesque Av.</direccion>
<telefono>sed.tortor.integer@yahoo.ca</telefono>
<correo>(987) 785-</correo>
<fotografia></fotografia>
</cliente>
<cliente>
<id>87</id>
<rfc>AHPQ022215QC1</rfc>
<nombre>Kevyn Small</nombre>
<direccion>1706 Congue. Street</direccion>
<telefono>accumsan.interdum@hotmail.com</telefono>
<correo>(658) 681-</correo>
<fotografia></fotografia>
</cliente>
<cliente>
<id>88</id>
<rfc>USZR487208ZG5</rfc>
<nombre>Oren Malone</nombre>
<direccion>Ap #605-6646 Magna. Av.</direccion>
<telefono>lacus.quisque@google.ca</telefono>
<correo>1-681-689-</correo>
<fotografia></fotografia>
</cliente>
<cliente>
<id>89</id>
<rfc>BOMO261549LL5</rfc>
<nombre>Tobias Pate</nombre>
<direccion>343-6100 In, St.</direccion>
<telefono>morbi.non@google.com</telefono>
<correo>(661) 424-</correo>
<fotografia></fotografia>
</cliente>
<cliente>
<id>90</id>
<rfc>JPYB881661XD4</rfc>
<nombre>Rowan Meadows</nombre>
<direccion>Ap #907-8846 Praesent Rd.</direccion>
<telefono>rutrum.justo.praesent@hotmail.ca</telefono>
<correo>1-579-817-</correo>
<fotografia></fotografia>
</cliente>
<cliente>
<id>91</id>
<rfc>LCNY569223NL7</rfc>
<nombre>Oren Chaney</nombre>
<direccion>Ap #996-4291 In St.</direccion>
<telefono>sed@google.net</telefono>
<correo>(902) 366-</correo>
<fotografia></fotografia>
</cliente>
<cliente>
<id>92</id>
<rfc>VTWE653215MN5</rfc>
<nombre>Odessa Butler</nombre>
<direccion>Ap #830-4731 In, St.</direccion>
<telefono>donec.elementum@yahoo.edu</telefono>
<correo>1-813-337-</correo>
<fotografia></fotografia>
</cliente>
<cliente>
<id>93</id>
<rfc>EVVO137778JP1</rfc>
<nombre>Wayne Vang</nombre>
<direccion>Ap #335-9166 Orci, Rd.</direccion>
<telefono>eu.enim.etiam@google.ca</telefono>
<correo>(362) 243-</correo>
<fotografia></fotografia>
</cliente>
<cliente>
<id>94</id>
<rfc>XYGB268878WF9</rfc>
<nombre>Cassady Wallace</nombre>
<direccion>Ap #604-5675 Urna, Avenue</direccion>
<telefono>aliquet.phasellus@hotmail.com</telefono>
<correo>1-960-485-</correo>
<fotografia></fotografia>
</cliente>
<cliente>
<id>95</id>
<rfc>FGPP496242LY3</rfc>
<nombre>Oprah Schroeder</nombre>
<direccion>Ap #726-352 Donec Ave</direccion>
<telefono>sit.amet@hotmail.com</telefono>
<correo>(642) 987-</correo>
<fotografia></fotografia>
</cliente>
<cliente>
<id>96</id>
<rfc>XYDS474381VT7</rfc>
<nombre>Adam Hancock</nombre>
<direccion>196-8647 Ornare, St.</direccion>
<telefono>cursus.diam@protonmail.com</telefono>
<correo>(255) 364-</correo>
<fotografia></fotografia>
</cliente>
<cliente>
<id>97</id>
<rfc>QJYN778162IN1</rfc>
<nombre>Eve Kerr</nombre>
<direccion>122-4782 Varius Av.</direccion>
<telefono>sed.nec.metus@protonmail.com</telefono>
<correo>(432) 298-</correo>
<fotografia></fotografia>
</cliente>
<cliente>
<id>98</id>
<rfc>VVBN173638CY4</rfc>
<nombre>Fulton Jackson</nombre>
<direccion>Ap #908-2720 Libero Road</direccion>
<telefono>tortor@hotmail.org</telefono>
<correo>1-290-841-</correo>
<fotografia></fotografia>
</cliente>
<cliente>
<id>99</id>
<rfc>CGHO718126DX1</rfc>
<nombre>Belle Mcdowell</nombre>
<direccion>875-5832 Feugiat Road</direccion>
<telefono>eu.ultrices@yahoo.com</telefono>
<correo>(580) 736-</correo>
<fotografia></fotografia>
</cliente>
<cliente>
<id>100</id>
<rfc>XZJG061774CK8</rfc>
<nombre>Grace Greene</nombre>
<direccion>Ap #167-6346 Nostra, Rd.</direccion>
<telefono>orci.quis@icloud.com</telefono>
<correo>(563) 535-</correo>
<fotografia></fotografia>
</cliente>
</clientes>